<keymap version="1" name="Windows copy" parent="$default">
  <action id="ChangesView.Rename">
    <keyboard-shortcut first-keystroke="f2" />
  </action>
  <action id="CodeCompletion">
    <keyboard-shortcut first-keystroke="alt slash" />
  </action>
  <action id="Git.Rename.Local.Branch">
    <keyboard-shortcut first-keystroke="f2" />
  </action>
  <action id="Git.Reword.Commit">
    <keyboard-shortcut first-keystroke="f2" />
  </action>
  <action id="HippieCompletion" />
  <action id="ReformatCode" />
  <action id="ReformatWithPrettierAction">
    <keyboard-shortcut first-keystroke="ctrl alt l" />
  </action>
  <action id="ShelvedChanges.Rename">
    <keyboard-shortcut first-keystroke="f2" />
  </action>
</keymap>