<application>
  <component name="FindSettings">
    <option name="localWholeWordsOnly" value="true" />
    <option name="LOCAL_WHOLE_WORDS_ONLY" value="true" />
    <mask>*.xml</mask>
    <mask>*.css</mask>
    <mask>*.htm</mask>
    <mask>*.sht</mask>
    <mask>*.shtm</mask>
    <mask>*.ng</mask>
    <mask>*.shtml</mask>
    <mask>*.html</mask>
    <mask>*.mts</mask>
    <mask>*.ats</mask>
    <mask>*.cts</mask>
    <mask>*.ts</mask>
    <mask>*.cjs</mask>
    <mask>*.js</mask>
  </component>
</application>