<application>
  <component name="ProjectManager">
    <defaultProject>
      <component name="PropertiesComponent">{
  &quot;keyToString&quot;: {
    &quot;settings.editor.selected.configurable&quot;: &quot;reference.settings.ide.settings.new.ui&quot;
  }
}</component>
      <component name="SvnConfiguration">
        <configuration />
      </component>
      <component name="TaskManager">
        <task active="true" id="Default" summary="Default task">
          <created>1694438952474</created>
          <option name="number" value="Default" />
          <option name="presentableId" value="Default" />
          <updated>1694438952474</updated>
        </task>
        <servers />
      </component>
      <component name="WindowStateProjectService">
        <state x="130" y="0" key="SettingsEditor" timestamp="1694694804923">
          <screen x="0" y="0" width="1707" height="912" />
        </state>
        <state x="130" y="0" key="SettingsEditor/0.0.1707.912" timestamp="1694694804923" />
      </component>
    </defaultProject>
  </component>
</application>